{"assets/audio/click.mp3":["assets/audio/click.mp3"],"assets/audio/dumbbell.mp3":["assets/audio/dumbbell.mp3"],"assets/audio/sandwich.mp3":["assets/audio/sandwich.mp3"],"assets/audio/shuffle.mp3":["assets/audio/shuffle.mp3"],"assets/audio/skateboard.mp3":["assets/audio/skateboard.mp3"],"assets/audio/success.mp3":["assets/audio/success.mp3"],"assets/audio/tile_move.mp3":["assets/audio/tile_move.mp3"],"assets/fonts/GoogleSans-Bold.ttf":["assets/fonts/GoogleSans-Bold.ttf"],"assets/fonts/GoogleSans-BoldItalic.ttf":["assets/fonts/GoogleSans-BoldItalic.ttf"],"assets/fonts/GoogleSans-Italic.ttf":["assets/fonts/GoogleSans-Italic.ttf"],"assets/fonts/GoogleSans-Regular.ttf":["assets/fonts/GoogleSans-Regular.ttf"],"assets/images/audio_control/blue_dashatar_off.png":["assets/images/audio_control/blue_dashatar_off.png"],"assets/images/audio_control/dashatar_on.png":["assets/images/audio_control/dashatar_on.png"],"assets/images/audio_control/green_dashatar_off.png":["assets/images/audio_control/green_dashatar_off.png"],"assets/images/audio_control/simple_off.png":["assets/images/audio_control/simple_off.png"],"assets/images/audio_control/simple_on.png":["assets/images/audio_control/simple_on.png"],"assets/images/audio_control/yellow_dashatar_off.png":["assets/images/audio_control/yellow_dashatar_off.png"],"assets/images/dashatar/blue/1.png":["assets/images/dashatar/blue/1.png"],"assets/images/dashatar/blue/10.png":["assets/images/dashatar/blue/10.png"],"assets/images/dashatar/blue/11.png":["assets/images/dashatar/blue/11.png"],"assets/images/dashatar/blue/12.png":["assets/images/dashatar/blue/12.png"],"assets/images/dashatar/blue/13.png":["assets/images/dashatar/blue/13.png"],"assets/images/dashatar/blue/14.png":["assets/images/dashatar/blue/14.png"],"assets/images/dashatar/blue/15.png":["assets/images/dashatar/blue/15.png"],"assets/images/dashatar/blue/2.png":["assets/images/dashatar/blue/2.png"],"assets/images/dashatar/blue/3.png":["assets/images/dashatar/blue/3.png"],"assets/images/dashatar/blue/4.png":["assets/images/dashatar/blue/4.png"],"assets/images/dashatar/blue/5.png":["assets/images/dashatar/blue/5.png"],"assets/images/dashatar/blue/6.png":["assets/images/dashatar/blue/6.png"],"assets/images/dashatar/blue/7.png":["assets/images/dashatar/blue/7.png"],"assets/images/dashatar/blue/8.png":["assets/images/dashatar/blue/8.png"],"assets/images/dashatar/blue/9.png":["assets/images/dashatar/blue/9.png"],"assets/images/dashatar/gallery/blue.png":["assets/images/dashatar/gallery/blue.png"],"assets/images/dashatar/gallery/green.png":["assets/images/dashatar/gallery/green.png"],"assets/images/dashatar/gallery/yellow.png":["assets/images/dashatar/gallery/yellow.png"],"assets/images/dashatar/green/1.png":["assets/images/dashatar/green/1.png"],"assets/images/dashatar/green/10.png":["assets/images/dashatar/green/10.png"],"assets/images/dashatar/green/11.png":["assets/images/dashatar/green/11.png"],"assets/images/dashatar/green/12.png":["assets/images/dashatar/green/12.png"],"assets/images/dashatar/green/13.png":["assets/images/dashatar/green/13.png"],"assets/images/dashatar/green/14.png":["assets/images/dashatar/green/14.png"],"assets/images/dashatar/green/15.png":["assets/images/dashatar/green/15.png"],"assets/images/dashatar/green/2.png":["assets/images/dashatar/green/2.png"],"assets/images/dashatar/green/3.png":["assets/images/dashatar/green/3.png"],"assets/images/dashatar/green/4.png":["assets/images/dashatar/green/4.png"],"assets/images/dashatar/green/5.png":["assets/images/dashatar/green/5.png"],"assets/images/dashatar/green/6.png":["assets/images/dashatar/green/6.png"],"assets/images/dashatar/green/7.png":["assets/images/dashatar/green/7.png"],"assets/images/dashatar/green/8.png":["assets/images/dashatar/green/8.png"],"assets/images/dashatar/green/9.png":["assets/images/dashatar/green/9.png"],"assets/images/dashatar/success/blue.png":["assets/images/dashatar/success/blue.png"],"assets/images/dashatar/success/green.png":["assets/images/dashatar/success/green.png"],"assets/images/dashatar/success/yellow.png":["assets/images/dashatar/success/yellow.png"],"assets/images/dashatar/yellow/1.png":["assets/images/dashatar/yellow/1.png"],"assets/images/dashatar/yellow/10.png":["assets/images/dashatar/yellow/10.png"],"assets/images/dashatar/yellow/11.png":["assets/images/dashatar/yellow/11.png"],"assets/images/dashatar/yellow/12.png":["assets/images/dashatar/yellow/12.png"],"assets/images/dashatar/yellow/13.png":["assets/images/dashatar/yellow/13.png"],"assets/images/dashatar/yellow/14.png":["assets/images/dashatar/yellow/14.png"],"assets/images/dashatar/yellow/15.png":["assets/images/dashatar/yellow/15.png"],"assets/images/dashatar/yellow/2.png":["assets/images/dashatar/yellow/2.png"],"assets/images/dashatar/yellow/3.png":["assets/images/dashatar/yellow/3.png"],"assets/images/dashatar/yellow/4.png":["assets/images/dashatar/yellow/4.png"],"assets/images/dashatar/yellow/5.png":["assets/images/dashatar/yellow/5.png"],"assets/images/dashatar/yellow/6.png":["assets/images/dashatar/yellow/6.png"],"assets/images/dashatar/yellow/7.png":["assets/images/dashatar/yellow/7.png"],"assets/images/dashatar/yellow/8.png":["assets/images/dashatar/yellow/8.png"],"assets/images/dashatar/yellow/9.png":["assets/images/dashatar/yellow/9.png"],"assets/images/facebook_icon.png":["assets/images/facebook_icon.png"],"assets/images/logo_flutter_color.png":["assets/images/logo_flutter_color.png"],"assets/images/logo_flutter_white.png":["assets/images/logo_flutter_white.png"],"assets/images/shuffle_icon.png":["assets/images/shuffle_icon.png"],"assets/images/simple_dash_large.png":["assets/images/simple_dash_large.png"],"assets/images/simple_dash_medium.png":["assets/images/simple_dash_medium.png"],"assets/images/simple_dash_small.png":["assets/images/simple_dash_small.png"],"assets/images/timer_icon.png":["assets/images/timer_icon.png"],"assets/images/twitter_icon.png":["assets/images/twitter_icon.png"]}